Data,Mandante,Visitante,Mercado,Odd,EV.Pct(%),Stake(%),Apostado($),Status,PnL($),Banca($)
2024-08-16 19:00:00,Manchester United,Fulham,Vitoria Visitante,5.25,57.92,3.0,300.0,❌ LOST,-300.0,9700.0
2024-08-16 19:00:00,Manchester United,Fulham,Empate,4.2,9.08,0.7100000000000001,68.87,❌ LOST,-68.87,9631.13
2024-08-17 14:00:00,Nottingham Forest,Bournemouth,Vitoria Mandante,2.45,33.61,3.0,288.93389999999994,❌ LOST,-288.93389999999994,9342.1961
2024-08-17 14:00:00,Newcastle United,Southampton,Vitoria Mandante,1.36,10.48,3.0,280.265883,✅ WON,100.89571788000002,9443.091817879998
2024-08-17 14:00:00,Everton,Brighton,Vitoria Visitante,2.63,8.96,1.37,129.370357904956,✅ WON,210.87368338507827,9653.965501265076
2024-08-17 14:00:00,Arsenal,Wolverhampton Wanderers,Vitoria Mandante,1.18,6.94,3.0,289.6189650379523,✅ WON,52.131413706831395,9706.096914971908
2024-08-17 16:30:00,West Ham,Aston Villa,Vitoria Mandante,2.45,8.09,1.4000000000000001,135.88535680960672,❌ LOST,-135.88535680960672,9570.2115581623
2024-08-18 13:00:00,Brentford,Crystal Palace,Vitoria Visitante,2.9,42.25,3.0,287.106346744869,❌ LOST,-287.106346744869,9283.10521141743
2024-08-18 15:30:00,Chelsea,Manchester City,Vitoria Mandante,4.1,5.8,0.0,0.0,❌ LOST,-0.0,9283.10521141743
2024-08-19 19:00:00,Leicester,Tottenham,Vitoria Mandante,5.0,73.72,3.0,278.4931563425229,❌ LOST,-278.4931563425229,9004.612055074907
2024-08-19 19:00:00,Leicester,Tottenham,Empate,4.33,8.94,0.67,60.33090076900188,✅ WON,200.90189956077626,9205.513954635684
2024-08-24 11:30:00,Brighton,Manchester United,Vitoria Mandante,2.5,31.95,3.0,276.16541863907054,✅ WON,414.2481279586058,9619.76208259429
2024-08-24 14:00:00,Fulham,Leicester,Vitoria Visitante,4.2,81.8,3.0,288.5928624778287,❌ LOST,-288.5928624778287,9331.169220116462
2024-08-24 14:00:00,Crystal Palace,West Ham,Vitoria Mandante,2.15,37.38,3.0,279.9350766034939,❌ LOST,-279.9350766034939,9051.23414351297
2024-08-25 13:00:00,Bournemouth,Newcastle United,Vitoria Mandante,2.9,17.59,2.32,209.98863212950087,❌ LOST,-209.98863212950087,8841.245511383468
2024-08-25 13:00:00,Wolverhampton Wanderers,Chelsea,Empate,4.0,2.04,0.0,0.0,❌ LOST,-0.0,8841.245511383468
2024-08-25 13:00:00,Wolverhampton Wanderers,Chelsea,Vitoria Visitante,1.75,2.0,0.67,59.23634492626923,✅ WON,44.427258694701926,8885.67277007817
2024-08-25 15:30:00,Liverpool,Brentford,Vitoria Mandante,1.27,2.36,2.19,194.59623366471192,✅ WON,52.54098308947222,8938.213753167642
2024-08-31 11:30:00,Arsenal,Brighton,Vitoria Visitante,8.5,123.78,3.0,268.14641259502923,❌ LOST,-268.14641259502923,8670.067340572612
2024-08-31 11:30:00,Arsenal,Brighton,Empate,5.5,26.1,1.4500000000000002,125.71597643830287,✅ WON,565.721893972363,9235.789234544975
2024-08-31 14:00:00,Leicester,Aston Villa,Vitoria Mandante,4.5,96.5,3.0,277.07367703634924,❌ LOST,-277.07367703634924,8958.715557508625
2024-08-31 14:00:00,Nottingham Forest,Wolverhampton Wanderers,Vitoria Mandante,2.0,47.85,3.0,268.76146672525874,❌ LOST,-268.76146672525874,8689.954090783367
2024-08-31 14:00:00,Ipswich,Fulham,Vitoria Visitante,2.3,45.22,3.0,260.698622723501,❌ LOST,-260.698622723501,8429.255468059866
2024-08-31 14:00:00,Everton,Bournemouth,Vitoria Visitante,2.55,27.21,3.0,252.87766404179598,✅ WON,391.96037926478374,8821.215847324649
2024-08-31 14:00:00,Brentford,Southampton,Vitoria Visitante,4.33,12.19,0.9199999999999999,81.15518579538677,❌ LOST,-81.15518579538677,8740.060661529262
2024-08-31 16:30:00,West Ham,Manchester City,Empate,5.5,38.57,2.1399999999999997,187.0372981567262,❌ LOST,-187.0372981567262,8553.023363372535
2024-08-31 16:30:00,West Ham,Manchester City,Vitoria Mandante,7.0,37.74,1.5699999999999998,134.2824668049488,❌ LOST,-134.2824668049488,8418.740896567586
2024-09-01 12:30:00,Chelsea,Crystal Palace,Vitoria Visitante,5.0,72.55,3.0,252.56222689702756,❌ LOST,-252.56222689702756,8166.1786696705585
2024-09-01 12:30:00,Chelsea,Crystal Palace,Empate,4.33,14.02,1.05,85.74487603154087,✅ WON,285.5304371850311,8451.70910685559
2024-09-01 12:30:00,Newcastle United,Tottenham,Empate,4.0,6.94,0.58,49.01991281976241,❌ LOST,-49.01991281976241,8402.689194035827
2024-09-01 15:00:00,Manchester United,Liverpool,Vitoria Visitante,1.85,20.24,3.0,252.0806758210748,✅ WON,214.2685744479136,8616.95776848374
2024-09-14 11:30:00,Southampton,Manchester United,Vitoria Mandante,4.5,31.01,2.22,191.29646246033906,❌ LOST,-191.29646246033906,8425.661306023401
2024-09-14 11:30:00,Southampton,Manchester United,Empate,4.0,12.69,1.06,89.31200984384806,❌ LOST,-89.31200984384806,8336.349296179553
2024-09-14 14:00:00,Liverpool,Nottingham Forest,Vitoria Visitante,12.0,100.92,2.29,190.90239888251176,✅ WON,2099.926387707629,10436.275683887183
2024-09-14 14:00:00,Crystal Palace,Leicester,Vitoria Visitante,5.5,54.88,3.0,313.08827051661547,❌ LOST,-313.08827051661547,10123.187413370568
2024-09-14 14:00:00,Manchester City,Brentford,Vitoria Visitante,12.0,45.57,1.04,105.2811490990539,❌ LOST,-105.2811490990539,10017.906264271514
2024-09-14 14:00:00,Manchester City,Brentford,Empate,8.0,37.88,1.35,135.24173456766545,❌ LOST,-135.24173456766545,9882.664529703849
2024-09-14 14:00:00,Fulham,West Ham,Vitoria Mandante,2.38,35.57,3.0,296.4799358911154,❌ LOST,-296.4799358911154,9586.184593812734
2024-09-14 14:00:00,Liverpool,Nottingham Forest,Empate,6.5,34.96,1.59,152.42033504162248,❌ LOST,-152.42033504162248,9433.76425877111
2024-09-14 14:00:00,Brighton,Ipswich,Vitoria Mandante,1.38,5.92,3.0,283.0129277631333,❌ LOST,-283.0129277631333,9150.751331007978
2024-09-14 16:30:00,Aston Villa,Everton,Vitoria Visitante,6.5,15.93,0.72,65.88540958325744,❌ LOST,-65.88540958325744,9084.86592142472
2024-09-14 19:00:00,Bournemouth,Chelsea,Vitoria Mandante,3.4,34.58,3.0,272.5459776427416,❌ LOST,-272.5459776427416,8812.319943781979
2024-09-15 13:00:00,Tottenham,Arsenal,Vitoria Mandante,3.0,28.43,3.0,264.36959831345933,❌ LOST,-264.36959831345933,8547.95034546852
2024-09-15 15:30:00,Wolverhampton Wanderers,Newcastle United,Vitoria Mandante,3.4,4.31,0.0,0.0,❌ LOST,-0.0,8547.95034546852
2024-09-21 11:30:00,West Ham,Chelsea,Empate,3.9,4.61,0.0,0.0,❌ LOST,-0.0,8547.95034546852
2024-09-21 14:00:00,Liverpool,Bournemouth,Vitoria Visitante,9.0,66.72,2.09,178.65216222029204,❌ LOST,-178.65216222029204,8369.298183248227
2024-09-21 14:00:00,Fulham,Newcastle United,Vitoria Mandante,3.0,63.61,3.0,251.07894549744682,✅ WON,502.15789099489365,8871.45607424312
2024-09-21 14:00:00,Tottenham,Brentford,Vitoria Visitante,5.5,43.55,2.42,214.68923699668352,❌ LOST,-214.68923699668352,8656.766837246438
2024-09-21 14:00:00,Liverpool,Bournemouth,Empate,6.25,27.29,1.3,112.53796888420368,❌ LOST,-112.53796888420368,8544.228868362234
2024-09-21 14:00:00,Leicester,Everton,Vitoria Mandante,2.45,25.71,3.0,256.326866050867,❌ LOST,-256.326866050867,8287.902002311366
2024-09-21 14:00:00,Southampton,Ipswich,Vitoria Mandante,2.25,8.99,1.7999999999999998,149.18223604160457,❌ LOST,-149.18223604160457,8138.719766269762
2024-09-21 14:00:00,Aston Villa,Wolverhampton Wanderers,Vitoria Mandante,1.57,4.9,2.15,174.98247497479986,✅ WON,99.74001073563593,8238.459777005397
2024-09-21 14:00:00,Tottenham,Brentford,Empate,4.5,3.95,0.0,0.0,❌ LOST,-0.0,8238.459777005397
2024-09-21 16:30:00,Crystal Palace,Manchester United,Vitoria Mandante,2.88,21.63,2.88,237.26764157775543,❌ LOST,-237.26764157775543,8001.192135427642
2024-09-22 13:00:00,Brighton,Nottingham Forest,Vitoria Visitante,4.75,34.83,2.32,185.62765754192128,❌ LOST,-185.62765754192128,7815.56447788572
2024-09-28 11:30:00,Newcastle United,Manchester City,Empate,4.33,8.39,0.63,49.238056210680035,✅ WON,163.96272718156453,7979.527205067285
2024-09-28 14:00:00,Arsenal,Leicester,Vitoria Visitante,15.0,219.8,3.0,239.38581615201852,❌ LOST,-239.38581615201852,7740.141388915266
2024-09-28 14:00:00,Arsenal,Leicester,Empate,8.0,82.81,2.96,229.10818511189188,❌ LOST,-229.10818511189188,7511.033203803375
2024-09-28 14:00:00,Nottingham Forest,Fulham,Vitoria Visitante,3.0,36.26,3.0,225.33099611410123,✅ WON,450.66199222820245,7961.695196031577
2024-09-28 14:00:00,Brentford,West Ham,Vitoria Mandante,2.2,12.77,2.6599999999999997,211.78109221443995,❌ LOST,-211.78109221443995,7749.914103817137
2024-09-28 14:00:00,Chelsea,Brighton,Vitoria Visitante,4.2,9.33,0.73,56.5743729578651,❌ LOST,-56.5743729578651,7693.339730859272
2024-09-28 16:30:00,Wolverhampton Wanderers,Liverpool,Empate,5.75,34.7,1.83,140.78811707472468,❌ LOST,-140.78811707472468,7552.551613784547
2024-09-28 16:30:00,Wolverhampton Wanderers,Liverpool,Vitoria Mandante,8.0,28.54,1.02,77.03602646060239,❌ LOST,-77.03602646060239,7475.515587323945
2024-09-29 13:00:00,Ipswich,Aston Villa,Vitoria Visitante,1.85,20.11,3.0,224.26546761971832,❌ LOST,-224.26546761971832,7251.250119704227
2024-09-29 15:30:00,Manchester United,Tottenham,Vitoria Visitante,2.75,6.82,0.97,70.337126161131,✅ WON,123.08997078197925,7374.340090486206
2024-09-30 19:00:00,Bournemouth,Southampton,Vitoria Visitante,5.0,8.51,0.53,39.08400247957689,❌ LOST,-39.08400247957689,7335.2560880066285
2024-10-05 11:30:00,Crystal Palace,Liverpool,Vitoria Mandante,6.0,54.54,2.73,200.25249120258096,❌ LOST,-200.25249120258096,7135.003596804047
2024-10-05 11:30:00,Crystal Palace,Liverpool,Empate,4.5,13.34,0.95,67.78253416963845,❌ LOST,-67.78253416963845,7067.221062634409
2024-10-05 14:00:00,Manchester City,Fulham,Vitoria Visitante,9.5,202.71,3.0,212.01663187903225,❌ LOST,-212.01663187903225,6855.204430755376
2024-10-05 14:00:00,Manchester City,Fulham,Empate,7.0,71.1,2.96,202.91405115035914,❌ LOST,-202.91405115035914,6652.290379605017
2024-10-05 14:00:00,West Ham,Ipswich,Vitoria Visitante,4.33,32.17,2.42,160.9854271864414,❌ LOST,-160.9854271864414,6491.304952418575
2024-10-05 14:00:00,Arsenal,Southampton,Empate,9.0,29.19,0.91,59.07087506700904,❌ LOST,-59.07087506700904,6432.234077351566
2024-10-05 14:00:00,Leicester,Bournemouth,Vitoria Visitante,2.15,27.61,3.0,192.967022320547,❌ LOST,-192.967022320547,6239.2670550310195
2024-10-05 14:00:00,Arsenal,Southampton,Vitoria Visitante,17.0,16.24,0.0,0.0,❌ LOST,-0.0,6239.2670550310195
2024-10-05 16:30:00,Everton,Newcastle United,Vitoria Mandante,3.2,38.05,3.0,187.17801165093059,❌ LOST,-187.17801165093059,6052.089043380089
2024-10-06 13:00:00,Aston Villa,Manchester United,Vitoria Mandante,2.2,56.59,3.0,181.56267130140264,❌ LOST,-181.56267130140264,5870.526372078686
2024-10-06 15:30:00,Brighton,Tottenham,Vitoria Visitante,2.2,44.36,3.0,176.11579116236058,❌ LOST,-176.11579116236058,5694.410580916326
2024-10-19 11:30:00,Tottenham,West Ham,Empate,5.0,8.97,0.5599999999999999,31.888699253131424,❌ LOST,-31.888699253131424,5662.521881663194
2024-10-19 14:00:00,Manchester United,Brentford,Vitoria Visitante,4.5,119.93,3.0,169.8756564498958,❌ LOST,-169.8756564498958,5492.646225213299
2024-10-19 14:00:00,Fulham,Aston Villa,Vitoria Mandante,2.45,36.33,3.0,164.77938675639896,❌ LOST,-164.77938675639896,5327.8668384569
2024-10-19 14:00:00,Southampton,Leicester,Vitoria Mandante,2.3,31.3,3.0,159.836005153707,❌ LOST,-159.836005153707,5168.0308333031935
2024-10-19 14:00:00,Ipswich,Everton,Vitoria Visitante,3.0,19.22,2.4,124.03273999927664,✅ WON,248.0654799985533,5416.096313301747
2024-10-19 14:00:00,Manchester United,Brentford,Empate,4.2,8.44,0.66,35.74623566779153,❌ LOST,-35.74623566779153,5380.350077633955
2024-10-19 14:00:00,Newcastle United,Brighton,Vitoria Visitante,3.6,3.93,0.0,0.0,✅ WON,0.0,5380.350077633955
2024-10-19 16:30:00,Bournemouth,Arsenal,Vitoria Mandante,5.0,35.11,2.19,117.82966670018361,✅ WON,471.31866680073443,5851.66874443469
2024-10-20 13:00:00,Wolverhampton Wanderers,Manchester City,Empate,6.0,55.4,2.77,162.0912242208409,❌ LOST,-162.0912242208409,5689.577520213849
2024-10-20 13:00:00,Wolverhampton Wanderers,Manchester City,Vitoria Mandante,8.0,49.16,1.76,100.13656435576375,❌ LOST,-100.13656435576375,5589.4409558580855
2024-10-20 15:30:00,Liverpool,Chelsea,Vitoria Visitante,5.0,35.77,2.2399999999999998,125.20347741122112,❌ LOST,-125.20347741122112,5464.237478446865
2024-10-21 19:00:00,Nottingham Forest,Crystal Palace,Vitoria Mandante,2.3,8.57,1.6500000000000001,90.15991839437328,✅ WON,117.20789391268525,5581.44537235955
2024-10-25 19:00:00,Leicester,Nottingham Forest,Vitoria Visitante,2.4,4.69,0.84,46.884141127820214,✅ WON,65.6377975789483,5647.083169938498
2024-10-26 14:00:00,Manchester City,Southampton,Vitoria Visitante,17.0,195.36,3.0,169.41249509815492,❌ LOST,-169.41249509815492,5477.670674840343
2024-10-26 14:00:00,Manchester City,Southampton,Empate,10.0,102.23,2.8400000000000003,155.56584716546575,❌ LOST,-155.56584716546575,5322.104827674877
2024-10-26 14:00:00,Aston Villa,Bournemouth,Vitoria Visitante,3.8,64.09,3.0,159.6631448302463,❌ LOST,-159.6631448302463,5162.441682844631
2024-10-26 14:00:00,Brentford,Ipswich,Vitoria Mandante,1.65,4.95,1.9,98.08639197404798,✅ WON,63.75615478313118,5226.197837627762
2024-10-26 14:00:00,Brighton,Wolverhampton Wanderers,Vitoria Mandante,1.62,2.27,0.9199999999999999,48.08102010617541,❌ LOST,-48.08102010617541,5178.116817521586
2024-10-26 16:30:00,Everton,Fulham,Vitoria Visitante,2.63,33.9,3.0,155.34350452564757,❌ LOST,-155.34350452564757,5022.773312995939
2024-10-27 14:00:00,West Ham,Manchester United,Vitoria Mandante,2.88,48.08,3.0,150.68319938987815,✅ WON,283.28441485297094,5306.05772784891
2024-10-27 14:00:00,Chelsea,Newcastle United,Vitoria Visitante,4.2,6.64,0.52,27.59150018481433,❌ LOST,-27.59150018481433,5278.466227664096
2024-10-27 14:00:00,Chelsea,Newcastle United,Empate,4.33,5.59,0.0,0.0,❌ LOST,-0.0,5278.466227664096
2024-10-27 16:30:00,Arsenal,Liverpool,Vitoria Mandante,2.5,2.69,0.0,0.0,❌ LOST,-0.0,5278.466227664096
2024-11-02 12:30:00,Newcastle United,Arsenal,Vitoria Mandante,3.75,52.95,3.0,158.35398682992286,✅ WON,435.47346378228787,5713.939691446383
2024-11-02 15:00:00,Liverpool,Brighton,Vitoria Visitante,7.5,60.29,2.32,132.56340084155607,❌ LOST,-132.56340084155607,5581.376290604827
2024-11-02 15:00:00,Bournemouth,Manchester City,Vitoria Mandante,5.5,56.81,3.0,167.4412887181448,✅ WON,753.4857992316515,6334.862089836479
2024-11-02 15:00:00,Nottingham Forest,West Ham,Vitoria Mandante,2.15,12.22,2.6599999999999997,168.50733158965033,✅ WON,193.78343132809786,6528.645521164577
2024-11-02 15:00:00,Southampton,Everton,Vitoria Visitante,2.63,9.87,1.51,98.58254736958511,❌ LOST,-98.58254736958511,6430.062973794992
2024-11-02 15:00:00,Liverpool,Brighton,Empate,5.0,8.44,0.53,34.07933376111346,❌ LOST,-34.07933376111346,6395.983640033879
2024-11-02 15:00:00,Bournemouth,Manchester City,Empate,4.2,3.95,0.0,0.0,❌ LOST,-0.0,6395.983640033879
2024-11-02 17:30:00,Wolverhampton Wanderers,Crystal Palace,Vitoria Visitante,2.88,13.57,1.7999999999999998,115.12770552060981,❌ LOST,-115.12770552060981,6280.855934513269
2024-11-09 15:00:00,West Ham,Everton,Vitoria Visitante,3.4,32.32,3.0,188.42567803539805,❌ LOST,-188.42567803539805,6092.430256477871
2024-11-09 15:00:00,Brentford,Bournemouth,Vitoria Mandante,2.5,25.99,3.0,182.7729076943361,✅ WON,274.15936154150415,6366.589618019375
2024-11-09 15:00:00,Crystal Palace,Fulham,Vitoria Visitante,2.55,7.55,1.22,77.67239333983638,✅ WON,120.39220967674636,6486.981827696121
2024-11-09 17:30:00,Brighton,Manchester City,Vitoria Mandante,4.1,30.33,2.45,158.931054778555,✅ WON,492.6862698135204,6979.6680975096415
2024-11-09 17:30:00,Brighton,Manchester City,Empate,4.2,6.25,0.0,0.0,❌ LOST,-0.0,6979.6680975096415
2024-11-09 20:00:00,Liverpool,Aston Villa,Vitoria Visitante,6.5,69.13,3.0,209.39004292528924,❌ LOST,-209.39004292528924,6770.2780545843525
2024-11-09 20:00:00,Liverpool,Aston Villa,Empate,5.25,19.69,1.16,78.53522543317848,❌ LOST,-78.53522543317848,6691.742829151174
2024-11-10 14:00:00,Nottingham Forest,Newcastle United,Vitoria Mandante,2.7,62.14,3.0,200.7522848745352,❌ LOST,-200.7522848745352,6490.990544276639
2024-11-10 14:00:00,Manchester United,Leicester,Vitoria Visitante,6.5,37.42,1.7000000000000002,110.34683925270288,❌ LOST,-110.34683925270288,6380.6437050239365
2024-11-10 14:00:00,Manchester United,Leicester,Empate,5.5,27.28,1.52,96.98578431636383,❌ LOST,-96.98578431636383,6283.657920707573
2024-11-10 14:00:00,Tottenham,Ipswich,Empate,6.5,18.04,0.8200000000000001,51.525994949802104,❌ LOST,-51.525994949802104,6232.131925757771
2024-11-10 14:00:00,Tottenham,Ipswich,Vitoria Visitante,9.0,8.35,0.0,0.0,✅ WON,0.0,6232.131925757771
2024-11-10 16:30:00,Chelsea,Arsenal,Vitoria Mandante,2.7,3.11,0.0,0.0,❌ LOST,-0.0,6232.131925757771
2024-11-23 12:30:00,Leicester,Chelsea,Vitoria Mandante,6.5,159.12,3.0,186.96395777273312,❌ LOST,-186.96395777273312,6045.167967985038
2024-11-23 12:30:00,Leicester,Chelsea,Empate,4.75,22.41,1.49,90.07300272297707,❌ LOST,-90.07300272297707,5955.09496526206
2024-11-23 15:00:00,Arsenal,Nottingham Forest,Vitoria Visitante,9.0,192.78,3.0,178.6528489578618,❌ LOST,-178.6528489578618,5776.442116304199
2024-11-23 15:00:00,Aston Villa,Crystal Palace,Vitoria Visitante,5.5,55.15,3.0,173.29326348912596,❌ LOST,-173.29326348912596,5603.148852815073
2024-11-23 15:00:00,Bournemouth,Brighton,Vitoria Mandante,2.4,24.99,3.0,168.0944655844522,❌ LOST,-168.0944655844522,5435.054387230621
2024-11-23 15:00:00,Arsenal,Nottingham Forest,Empate,4.75,16.84,1.1199999999999999,60.87260913698295,❌ LOST,-60.87260913698295,5374.181778093638
2024-11-23 15:00:00,Everton,Brentford,Vitoria Mandante,2.45,10.1,1.7399999999999998,93.5107629388293,❌ LOST,-93.5107629388293,5280.671015154809
2024-11-23 15:00:00,Fulham,Wolverhampton Wanderers,Vitoria Mandante,1.62,2.95,1.1900000000000002,62.839985080342224,❌ LOST,-62.839985080342224,5217.831030074466
2024-11-23 17:30:00,Manchester City,Tottenham,Vitoria Visitante,6.0,42.3,2.11,110.09623473457124,✅ WON,550.4811736728562,5768.312203747322
2024-11-23 17:30:00,Manchester City,Tottenham,Empate,4.75,17.47,1.16,66.91242156346894,❌ LOST,-66.91242156346894,5701.399782183853
2024-11-24 14:00:00,Southampton,Liverpool,Vitoria Mandante,11.0,118.47,2.96,168.76143355264205,❌ LOST,-168.76143355264205,5532.638348631211
2024-11-24 14:00:00,Southampton,Liverpool,Empate,5.75,39.23,2.06,113.97234998180294,❌ LOST,-113.97234998180294,5418.665998649408
2024-11-24 16:30:00,Ipswich,Manchester United,Vitoria Mandante,5.25,56.68,3.0,162.55997995948223,❌ LOST,-162.55997995948223,5256.106018689926
2024-11-24 16:30:00,Ipswich,Manchester United,Empate,4.0,10.92,0.91,47.830564770078325,✅ WON,143.49169431023498,5399.597713000161
2024-11-25 20:00:00,Newcastle United,West Ham,Vitoria Visitante,6.0,47.43,2.37,127.97046579810382,✅ WON,639.852328990519,6039.45004199068
2024-11-25 20:00:00,Newcastle United,West Ham,Empate,4.5,3.93,0.0,0.0,❌ LOST,-0.0,6039.45004199068
2024-11-29 20:00:00,Brighton,Southampton,Vitoria Visitante,7.5,42.33,1.63,98.44303568444808,❌ LOST,-98.44303568444808,5941.007006306232
2024-11-29 20:00:00,Brighton,Southampton,Empate,5.0,13.57,0.8500000000000001,50.49855955360297,✅ WON,201.9942382144119,6143.001244520644
2024-11-30 15:00:00,Nottingham Forest,Ipswich,Vitoria Visitante,4.75,35.82,2.39,146.8177297440434,❌ LOST,-146.8177297440434,5996.1835147766005
2024-11-30 17:30:00,West Ham,Arsenal,Vitoria Mandante,7.0,97.72,3.0,179.885505443298,❌ LOST,-179.885505443298,5816.298009333303
2024-11-30 17:30:00,West Ham,Arsenal,Empate,4.5,14.35,1.02,59.32623969519969,❌ LOST,-59.32623969519969,5756.971769638103
2024-12-01 13:30:00,Manchester United,Everton,Vitoria Visitante,6.0,93.57,3.0,172.7091530891431,❌ LOST,-172.7091530891431,5584.26261654896
2024-12-01 13:30:00,Chelsea,Aston Villa,Vitoria Visitante,4.5,33.32,2.3800000000000003,132.90545027386526,❌ LOST,-132.90545027386526,5451.357166275095
2024-12-01 13:30:00,Tottenham,Fulham,Empate,4.5,14.6,1.04,56.69411452926098,✅ WON,198.42940085241344,5649.7865671275085
2024-12-01 13:30:00,Manchester United,Everton,Empate,4.2,6.81,0.53,29.943868805775796,❌ LOST,-29.943868805775796,5619.842698321732
2024-12-01 13:30:00,Tottenham,Fulham,Vitoria Visitante,4.1,4.5,0.0,0.0,❌ LOST,-0.0,5619.842698321732
2024-12-01 16:00:00,Liverpool,Manchester City,Vitoria Mandante,2.1,37.98,3.0,168.59528094965196,✅ WON,185.45480904461718,5805.297507366349
2024-12-03 19:30:00,Ipswich,Crystal Palace,Vitoria Visitante,2.35,2.01,0.0,0.0,✅ WON,0.0,5805.297507366349
2024-12-03 20:15:00,Leicester,West Ham,Vitoria Mandante,2.9,29.92,3.0,174.15892522099048,✅ WON,330.9019579198819,6136.199465286231
2024-12-04 19:30:00,Manchester City,Nottingham Forest,Vitoria Visitante,9.0,303.97,3.0,184.08598395858692,❌ LOST,-184.08598395858692,5952.113481327644
2024-12-04 19:30:00,Southampton,Chelsea,Vitoria Mandante,8.5,86.49,2.88,171.42086826223616,❌ LOST,-171.42086826223616,5780.692613065407
2024-12-04 19:30:00,Manchester City,Nottingham Forest,Empate,4.75,37.52,2.5,144.51731532663518,❌ LOST,-144.51731532663518,5636.175297738772
2024-12-04 19:30:00,Southampton,Chelsea,Empate,5.25,33.88,1.9900000000000002,112.15988842500157,❌ LOST,-112.15988842500157,5524.015409313771
2024-12-04 19:30:00,Everton,Wolverhampton Wanderers,Vitoria Mandante,2.1,9.06,2.06,113.79471743186367,✅ WON,125.17418917505005,5649.189598488821
2024-12-04 19:30:00,Newcastle United,Liverpool,Vitoria Visitante,1.75,7.16,2.39,135.01563140388282,❌ LOST,-135.01563140388282,5514.173967084937
2024-12-04 20:15:00,Aston Villa,Brentford,Vitoria Visitante,4.33,48.12,3.0,165.42521901254813,❌ LOST,-165.42521901254813,5348.748748072389
2024-12-04 20:15:00,Arsenal,Manchester United,Vitoria Visitante,7.0,25.94,1.08,57.76648647918181,❌ LOST,-57.76648647918181,5290.982261593208
2024-12-05 19:30:00,Fulham,Brighton,Vitoria Mandante,2.35,12.03,2.23,117.98890443352855,✅ WON,159.28502098526354,5450.267282578471
2024-12-05 20:15:00,Bournemouth,Tottenham,Vitoria Mandante,2.63,57.02,3.0,163.50801847735414,✅ WON,266.5180701180872,5716.785352696558
2024-12-07 15:00:00,Crystal Palace,Manchester City,Vitoria Mandante,5.5,199.41,3.0,171.50356058089673,❌ LOST,-171.50356058089673,5545.281792115661
2024-12-07 15:00:00,Brentford,Newcastle United,Vitoria Mandante,2.88,33.23,3.0,166.35845376346984,✅ WON,312.7538930753233,5858.035685190985
2024-12-07 15:00:00,Aston Villa,Southampton,Vitoria Mandante,1.36,8.3,3.0,175.74107055572952,✅ WON,63.266785400062645,5921.3024705910475
2024-12-07 17:30:00,Manchester United,Nottingham Forest,Vitoria Visitante,5.25,73.44,3.0,177.6390741177314,✅ WON,754.9660650003585,6676.268535591406
2024-12-08 14:00:00,Leicester,Brighton,Vitoria Mandante,4.5,40.38,2.88,192.2765338250325,❌ LOST,-192.2765338250325,6483.9920017663735
2024-12-08 14:00:00,Ipswich,Bournemouth,Vitoria Visitante,2.0,23.46,3.0,194.5197600529912,✅ WON,194.5197600529912,6678.511761819364
2024-12-08 14:00:00,Fulham,Arsenal,Vitoria Mandante,5.0,7.14,0.0,0.0,❌ LOST,-0.0,6678.511761819364
2024-12-08 14:00:00,Leicester,Brighton,Empate,3.8,6.12,0.5499999999999999,36.7318146900065,✅ WON,102.8490811320182,6781.360842951382
2024-12-08 16:30:00,Tottenham,Chelsea,Vitoria Visitante,2.0,20.26,3.0,203.44082528854148,✅ WON,203.44082528854148,6984.801668239924
2024-12-09 20:00:00,West Ham,Wolverhampton Wanderers,Empate,3.9,5.7,0.0,0.0,❌ LOST,-0.0,6984.801668239924
2024-12-14 15:00:00,Newcastle United,Leicester,Vitoria Visitante,8.5,145.0,3.0,209.54405004719771,❌ LOST,-209.54405004719771,6775.257618192726
2024-12-14 15:00:00,Newcastle United,Leicester,Empate,6.0,48.63,2.4299999999999997,164.63876012208323,❌ LOST,-164.63876012208323,6610.618858070643
2024-12-14 15:00:00,Arsenal,Everton,Vitoria Visitante,12.0,42.24,0.96,63.46194103747817,❌ LOST,-63.46194103747817,6547.156917033165
2024-12-14 15:00:00,Arsenal,Everton,Empate,6.5,11.82,0.54,35.35464735197909,✅ WON,194.450560435885,6741.60747746905
2024-12-14 15:00:00,Wolverhampton Wanderers,Ipswich,Vitoria Mandante,1.9,3.1,0.86,57.97782430623383,❌ LOST,-57.97782430623383,6683.629653162816
2024-12-14 17:30:00,Nottingham Forest,Aston Villa,Vitoria Visitante,2.7,48.34,3.0,200.50888959488447,❌ LOST,-200.50888959488447,6483.120763567931
2024-12-15 14:00:00,Brighton,Crystal Palace,Vitoria Visitante,3.9,37.7,3.0,194.49362290703792,✅ WON,564.03150643041,7047.152269998342
2024-12-15 16:30:00,Manchester City,Manchester United,Vitoria Visitante,5.0,22.85,1.43,100.77427746097628,✅ WON,403.0971098439051,7450.2493798422465
2024-12-15 16:30:00,Manchester City,Manchester United,Empate,4.5,12.36,0.88,65.56219454261178,❌ LOST,-65.56219454261178,7384.687185299635
2024-12-15 19:00:00,Chelsea,Brentford,Empate,6.0,25.74,1.29,95.26246469036529,❌ LOST,-95.26246469036529,7289.42472060927
2024-12-15 19:00:00,Southampton,Tottenham,Empate,4.5,23.55,1.68,122.46233530623572,❌ LOST,-122.46233530623572,7166.962385303033
2024-12-16 20:00:00,Bournemouth,West Ham,Vitoria Mandante,1.7,29.48,3.0,215.008871559091,❌ LOST,-215.008871559091,6951.9535137439425
2024-12-21 12:30:00,Aston Villa,Manchester City,Vitoria Mandante,3.25,68.76,3.0,208.55860541231826,✅ WON,469.2568621777161,7421.210375921659
2024-12-21 15:00:00,West Ham,Brighton,Vitoria Mandante,2.88,32.34,3.0,222.63631127764975,❌ LOST,-222.63631127764975,7198.574064644009
2024-12-21 15:00:00,Brentford,Nottingham Forest,Vitoria Visitante,2.9,11.6,1.53,110.13818318905334,✅ WON,209.26254805920132,7407.83661270321
2024-12-21 15:00:00,Ipswich,Newcastle United,Vitoria Mandante,4.75,10.73,0.72,53.33642361146311,❌ LOST,-53.33642361146311,7354.500189091747
2024-12-21 17:30:00,Crystal Palace,Arsenal,Vitoria Mandante,6.25,100.16,3.0,220.6350056727524,❌ LOST,-220.6350056727524,7133.865183418995
2024-12-21 17:30:00,Crystal Palace,Arsenal,Empate,4.2,7.27,0.5700000000000001,40.66303154548827,❌ LOST,-40.66303154548827,7093.202151873506
2024-12-22 14:00:00,Manchester United,Bournemouth,Vitoria Visitante,4.2,79.06,3.0,212.79606455620518,✅ WON,680.9474065798566,7774.149558453363
2024-12-22 14:00:00,Everton,Chelsea,Vitoria Mandante,5.0,35.15,2.1999999999999997,171.03129028597397,❌ LOST,-171.03129028597397,7603.118268167389
2024-12-22 14:00:00,Leicester,Wolverhampton Wanderers,Vitoria Visitante,2.7,14.76,2.17,164.98766641923234,✅ WON,280.479032912695,7883.597301080084
2024-12-22 14:00:00,Fulham,Southampton,Vitoria Visitante,7.0,5.68,0.0,0.0,❌ LOST,-0.0,7883.597301080084
2024-12-22 16:30:00,Tottenham,Liverpool,Vitoria Mandante,4.5,84.01,3.0,236.50791903240253,❌ LOST,-236.50791903240253,7647.089382047682
2024-12-22 16:30:00,Tottenham,Liverpool,Empate,4.0,6.74,0.5599999999999999,42.82370053946702,❌ LOST,-42.82370053946702,7604.2656815082155
2024-12-26 12:30:00,Manchester City,Everton,Vitoria Visitante,7.5,143.12,3.0,228.12797044524646,❌ LOST,-228.12797044524646,7376.137711062969
2024-12-26 12:30:00,Manchester City,Everton,Empate,5.5,45.9,2.55,188.0915116321057,✅ WON,846.4118023444756,8222.549513407444
2024-12-26 15:00:00,Nottingham Forest,Tottenham,Vitoria Mandante,2.3,41.06,3.0,246.67648540222334,✅ WON,320.6794310228903,8543.228944430335
2024-12-26 15:00:00,Newcastle United,Aston Villa,Vitoria Mandante,1.91,16.22,3.0,256.29686833291004,✅ WON,233.2301501829481,8776.459094613283
2024-12-26 15:00:00,Chelsea,Fulham,Vitoria Visitante,6.0,11.38,0.5700000000000001,50.025816839295715,✅ WON,250.12908419647857,9026.588178809761
2024-12-26 15:00:00,Chelsea,Fulham,Empate,4.75,9.2,0.61,55.062187890739544,❌ LOST,-55.062187890739544,8971.525990919023
2024-12-26 15:00:00,Bournemouth,Crystal Palace,Vitoria Mandante,1.9,6.46,1.79,160.5903152374505,❌ LOST,-160.5903152374505,8810.935675681572
2024-12-26 15:00:00,Southampton,West Ham,Vitoria Visitante,2.2,6.21,1.29,113.66107021629229,✅ WON,136.39328425955077,8947.328959941124
2024-12-26 17:30:00,Wolverhampton Wanderers,Manchester United,Vitoria Mandante,3.9,37.49,3.0,268.4198687982337,✅ WON,778.4176195148777,9725.746579456001
2024-12-26 20:00:00,Liverpool,Leicester,Empate,12.0,41.63,0.95,92.394592504832,❌ LOST,-92.394592504832,9633.35198695117
2024-12-27 19:30:00,Brighton,Brentford,Vitoria Visitante,4.75,39.52,2.63,253.35715725681575,❌ LOST,-253.35715725681575,9379.994829694353
2024-12-27 19:30:00,Brighton,Brentford,Empate,4.33,7.41,0.5599999999999999,52.52797104628838,✅ WON,174.9181435841403,9554.912973278493
2024-12-27 20:15:00,Arsenal,Ipswich,Empate,9.0,21.14,0.66,63.062425623638056,❌ LOST,-63.062425623638056,9491.850547654854
2024-12-27 20:15:00,Arsenal,Ipswich,Vitoria Visitante,15.0,4.05,0.0,0.0,❌ LOST,-0.0,9491.850547654854
2024-12-29 14:30:00,Leicester,Manchester City,Vitoria Mandante,7.5,71.23,2.74,260.076705005743,❌ LOST,-260.076705005743,9231.77384264911
2024-12-29 14:30:00,Leicester,Manchester City,Empate,5.5,38.06,2.11,194.79042807989623,❌ LOST,-194.79042807989623,9036.983414569215
2024-12-29 15:00:00,Tottenham,Wolverhampton Wanderers,Vitoria Visitante,4.2,53.13,3.0,271.10950243707646,❌ LOST,-271.10950243707646,8765.873912132138
2024-12-29 15:00:00,Tottenham,Wolverhampton Wanderers,Empate,5.0,43.12,2.69,235.8020082363545,✅ WON,943.208032945418,9709.081945077556
2024-12-29 15:00:00,Everton,Nottingham Forest,Vitoria Visitante,2.8,32.22,3.0,291.2724583523267,✅ WON,524.2904250341879,10233.372370111743
2024-12-29 15:00:00,Fulham,Bournemouth,Vitoria Visitante,2.88,18.26,2.4299999999999997,248.67094859371534,❌ LOST,-248.67094859371534,9984.701421518028
2024-12-29 15:00:00,Crystal Palace,Southampton,Vitoria Visitante,5.5,11.65,0.65,64.90055923986718,❌ LOST,-64.90055923986718,9919.80086227816
2024-12-29 17:15:00,West Ham,Liverpool,Vitoria Mandante,7.0,22.98,0.96,95.23008827787032,❌ LOST,-95.23008827787032,9824.570774000289
2024-12-29 17:15:00,West Ham,Liverpool,Empate,5.0,19.35,1.21,118.8773063654035,❌ LOST,-118.8773063654035,9705.693467634885
2024-12-30 19:45:00,Aston Villa,Brighton,Vitoria Visitante,3.6,34.14,3.0,291.1708040290465,❌ LOST,-291.1708040290465,9414.522663605838
2024-12-30 19:45:00,Ipswich,Chelsea,Vitoria Mandante,6.5,33.4,1.52,143.10074448680874,✅ WON,787.054094677448,10201.576758283285
2024-12-30 19:45:00,Ipswich,Chelsea,Empate,4.75,19.06,1.27,129.5600248301977,❌ LOST,-129.5600248301977,10072.016733453087
2024-12-30 20:00:00,Manchester United,Newcastle United,Vitoria Visitante,2.55,40.26,3.0,302.1605020035926,✅ WON,468.3487781055685,10540.365511558655
2025-01-01 17:30:00,Brentford,Arsenal,Vitoria Mandante,6.5,10.52,0.0,0.0,❌ LOST,-0.0,10540.365511558655
2025-01-01 17:30:00,Brentford,Arsenal,Empate,4.75,9.55,0.64,67.4583392739754,❌ LOST,-67.4583392739754,10472.90717228468
2025-01-04 12:30:00,Tottenham,Newcastle United,Vitoria Visitante,2.25,8.12,1.6199999999999999,169.6610961910118,✅ WON,212.07637023876475,10684.983542523445
2025-01-04 15:00:00,Aston Villa,Leicester,Vitoria Visitante,8.5,93.76,3.0,320.5495062757033,❌ LOST,-320.5495062757033,10364.434036247741
2025-01-04 15:00:00,Crystal Palace,Chelsea,Vitoria Mandante,3.8,82.92,3.0,310.9330210874322,❌ LOST,-310.9330210874322,10053.50101516031
2025-01-04 15:00:00,Manchester City,West Ham,Empate,6.25,30.84,1.47,147.78646492285654,❌ LOST,-147.78646492285654,9905.714550237453
2025-01-04 15:00:00,Aston Villa,Leicester,Empate,5.5,27.67,1.54,152.54800407365678,❌ LOST,-152.54800407365678,9753.166546163797
2025-01-04 15:00:00,Manchester City,West Ham,Vitoria Visitante,7.5,25.86,0.9900000000000001,96.55634880702159,❌ LOST,-96.55634880702159,9656.610197356775
2025-01-04 15:00:00,Bournemouth,Everton,Vitoria Mandante,1.73,16.93,3.0,289.6983059207032,✅ WON,211.47976332211334,9868.089960678888
2025-01-04 15:00:00,Southampton,Brentford,Vitoria Mandante,3.0,10.74,1.34,132.23240547309712,❌ LOST,-132.23240547309712,9735.85755520579
2025-01-04 17:30:00,Brighton,Arsenal,Vitoria Visitante,1.8,7.04,2.1999999999999997,214.18886621452737,❌ LOST,-214.18886621452737,9521.668688991263
2025-01-05 14:00:00,Fulham,Ipswich,Vitoria Visitante,5.75,34.34,1.81,172.3422032707419,❌ LOST,-172.3422032707419,9349.326485720521
2025-01-06 20:00:00,Wolverhampton Wanderers,Nottingham Forest,Vitoria Visitante,2.3,11.66,2.2399999999999998,209.42491328013966,✅ WON,272.25238726418155,9621.578872984703
2025-01-14 19:30:00,Brentford,Manchester City,Vitoria Mandante,4.75,187.4,3.0,288.64736618954106,❌ LOST,-288.64736618954106,9332.931506795161
2025-01-14 19:30:00,Chelsea,Bournemouth,Vitoria Visitante,6.0,146.29,3.0,279.98794520385485,❌ LOST,-279.98794520385485,9052.943561591306
2025-01-14 19:30:00,Chelsea,Bournemouth,Empate,4.75,21.59,1.44,130.3623872869148,✅ WON,488.85895232593055,9541.802513917237
2025-01-14 19:30:00,West Ham,Fulham,Vitoria Visitante,2.38,3.98,0.72,68.7009781002041,❌ LOST,-68.7009781002041,9473.101535817033
2025-01-14 20:00:00,Nottingham Forest,Liverpool,Vitoria Mandante,5.25,52.45,3.0,284.193046074511,❌ LOST,-284.193046074511,9188.908489742522
2025-01-15 19:30:00,Everton,Aston Villa,Vitoria Visitante,2.3,27.96,3.0,275.66725469227566,✅ WON,358.3674310999583,9547.27592084248
2025-01-15 19:30:00,Leicester,Crystal Palace,Vitoria Mandante,3.9,4.45,0.0,0.0,❌ LOST,-0.0,9547.27592084248
2025-01-16 19:30:00,Ipswich,Brighton,Vitoria Mandante,3.9,28.4,2.45,233.90826006064077,❌ LOST,-233.90826006064077,9313.367660781838
2025-01-16 20:00:00,Manchester United,Southampton,Empate,6.0,5.35,0.0,0.0,❌ LOST,-0.0,9313.367660781838
2025-01-18 15:00:00,Brentford,Liverpool,Vitoria Mandante,6.5,96.72,3.0,279.40102982345513,❌ LOST,-279.40102982345513,9033.966630958383
2025-01-18 15:00:00,Brentford,Liverpool,Empate,5.0,30.27,1.8900000000000001,170.74196932511344,❌ LOST,-170.74196932511344,8863.224661633269
2025-01-18 15:00:00,West Ham,Crystal Palace,Vitoria Visitante,2.63,24.59,3.0,265.89673984899804,✅ WON,433.41168595386677,9296.636347587135
2025-01-18 15:00:00,Leicester,Fulham,Vitoria Mandante,4.33,7.45,0.5599999999999999,52.061163546487954,❌ LOST,-52.061163546487954,9244.575184040646
2025-01-18 17:30:00,Arsenal,Aston Villa,Vitoria Visitante,7.0,41.25,1.72,159.00669316549912,❌ LOST,-159.00669316549912,9085.568490875148
2025-01-19 14:00:00,Everton,Tottenham,Vitoria Mandante,2.8,13.99,1.94,176.2600287229779,✅ WON,317.26805170136015,9402.836542576508
2025-01-19 16:30:00,Ipswich,Manchester City,Vitoria Mandante,7.5,108.85,3.0,282.08509627729524,❌ LOST,-282.08509627729524,9120.751446299213
2025-01-19 16:30:00,Ipswich,Manchester City,Empate,5.25,31.66,1.8599999999999999,169.64597690116534,❌ LOST,-169.64597690116534,8951.105469398048
2025-01-20 20:00:00,Chelsea,Wolverhampton Wanderers,Empate,5.75,18.94,1.0,89.51105469398048,❌ LOST,-89.51105469398048,8861.594414704066
2025-01-20 20:00:00,Chelsea,Wolverhampton Wanderers,Vitoria Visitante,6.5,6.87,0.0,0.0,❌ LOST,-0.0,8861.594414704066
2025-01-25 15:00:00,Southampton,Newcastle United,Empate,5.25,41.36,2.4299999999999997,215.3367442773088,❌ LOST,-215.3367442773088,8646.257670426758
2025-01-25 15:00:00,Brighton,Everton,Vitoria Visitante,5.5,36.05,2.0,172.92515340853515,✅ WON,778.1631903384082,9424.420860765165
2025-01-25 15:00:00,Wolverhampton Wanderers,Arsenal,Vitoria Mandante,7.0,29.5,1.23,115.92037658741154,❌ LOST,-115.92037658741154,9308.500484177754
2025-01-25 15:00:00,Southampton,Newcastle United,Vitoria Mandante,6.5,21.89,0.9900000000000001,92.15415479335977,❌ LOST,-92.15415479335977,9216.346329384394
2025-01-25 15:00:00,Liverpool,Ipswich,Empate,12.0,19.2,0.0,0.0,❌ LOST,-0.0,9216.346329384394
2025-01-25 15:00:00,Wolverhampton Wanderers,Arsenal,Empate,4.5,13.77,0.98,90.32019402796706,❌ LOST,-90.32019402796706,9126.026135356427
2025-01-25 15:00:00,Bournemouth,Nottingham Forest,Vitoria Mandante,2.05,13.03,3.0,273.78078406069284,✅ WON,287.46982326372745,9413.495958620155
2025-01-26 14:00:00,Tottenham,Leicester,Vitoria Visitante,5.5,50.79,2.82,265.46058603308836,✅ WON,1194.5726371488977,10608.068595769053
2025-01-26 14:00:00,Tottenham,Leicester,Empate,5.5,42.29,2.35,249.28961200057276,❌ LOST,-249.28961200057276,10358.77898376848
2025-01-26 14:00:00,Crystal Palace,Brentford,Vitoria Mandante,2.05,27.29,3.0,310.7633695130544,❌ LOST,-310.7633695130544,10048.015614255426
2025-01-26 19:00:00,Fulham,Manchester United,Vitoria Mandante,2.3,46.03,3.0,301.4404684276628,❌ LOST,-301.4404684276628,9746.575145827763
2025-02-01 12:30:00,Nottingham Forest,Brighton,Vitoria Visitante,2.8,7.28,1.01,98.4404089728604,❌ LOST,-98.4404089728604,9648.134736854903
2025-02-01 15:00:00,Bournemouth,Liverpool,Vitoria Mandante,4.5,59.42,3.0,289.4440421056471,❌ LOST,-289.4440421056471,9358.690694749255
2025-02-01 15:00:00,Newcastle United,Fulham,Vitoria Visitante,4.75,37.28,2.4899999999999998,233.03139829925644,✅ WON,873.8677436222116,10232.558438371467
2025-02-01 15:00:00,Everton,Leicester,Vitoria Visitante,4.5,13.59,0.97,99.25581685220322,❌ LOST,-99.25581685220322,10133.302621519264
2025-02-01 15:00:00,Bournemouth,Liverpool,Empate,4.33,7.13,0.54,54.71983415620403,❌ LOST,-54.71983415620403,10078.58278736306
2025-02-01 15:00:00,Ipswich,Southampton,Vitoria Mandante,1.95,3.16,0.83,83.65223713511341,❌ LOST,-83.65223713511341,9994.930550227948
2025-02-01 17:30:00,Wolverhampton Wanderers,Aston Villa,Vitoria Mandante,3.3,11.97,1.3,129.93409715296332,✅ WON,298.8484234518156,10293.778973679764
2025-02-02 14:00:00,Manchester United,Crystal Palace,Vitoria Visitante,3.8,41.9,3.0,308.8133692103929,✅ WON,864.6774337891002,11158.456407468864
2025-02-02 14:00:00,Brentford,Tottenham,Vitoria Mandante,2.1,12.39,2.82,314.668470690622,❌ LOST,-314.668470690622,10843.787936778243
2025-02-02 16:30:00,Arsenal,Manchester City,Vitoria Visitante,4.0,33.09,2.76,299.2885470550795,❌ LOST,-299.2885470550795,10544.499389723163
2025-02-03 20:00:00,Chelsea,West Ham,Vitoria Visitante,8.0,39.04,1.39,146.56854151715197,❌ LOST,-146.56854151715197,10397.930848206011
2025-02-03 20:00:00,Chelsea,West Ham,Empate,4.75,3.63,0.0,0.0,❌ LOST,-0.0,10397.930848206011
2025-02-12 19:30:00,Everton,Liverpool,Vitoria Mandante,7.5,155.61,3.0,311.9379254461803,❌ LOST,-311.9379254461803,10085.992922759831
2025-02-12 19:30:00,Everton,Liverpool,Empate,4.5,7.91,0.5700000000000001,57.49015965973104,✅ WON,201.21555880905865,10287.20848156889
2025-02-14 20:00:00,Brighton,Chelsea,Vitoria Visitante,2.45,19.13,3.0,308.6162544470667,❌ LOST,-308.6162544470667,9978.592227121824
2025-02-15 12:30:00,Leicester,Arsenal,Vitoria Mandante,8.5,47.52,1.58,157.66175718852483,❌ LOST,-157.66175718852483,9820.930469933299
2025-02-15 12:30:00,Leicester,Arsenal,Empate,5.0,24.87,1.55,152.22442228396613,❌ LOST,-152.22442228396613,9668.706047649333
2025-02-15 15:00:00,Aston Villa,Ipswich,Vitoria Visitante,7.0,110.87,3.0,290.06118142948,❌ LOST,-290.06118142948,9378.644866219853
2025-02-15 15:00:00,Southampton,Bournemouth,Vitoria Mandante,6.0,18.47,0.9199999999999999,86.28353276922265,❌ LOST,-86.28353276922265,9292.36133345063
2025-02-15 15:00:00,Aston Villa,Ipswich,Empate,4.75,17.56,1.17,108.72062760137237,✅ WON,407.7023535051464,9700.063686955777
2025-02-15 15:00:00,Southampton,Bournemouth,Empate,4.5,16.91,1.21,117.37077061216489,❌ LOST,-117.37077061216489,9582.692916343613
2025-02-15 15:00:00,West Ham,Brentford,Vitoria Visitante,2.88,14.15,1.8800000000000001,180.15462682725993,✅ WON,338.69069843524863,9921.38361477886
2025-02-15 15:00:00,Fulham,Nottingham Forest,Vitoria Visitante,3.3,8.31,0.8999999999999999,89.29245253300974,❌ LOST,-89.29245253300974,9832.091162245852
2025-02-15 15:00:00,Manchester City,Newcastle United,Empate,4.2,4.77,0.0,0.0,❌ LOST,-0.0,9832.091162245852
2025-02-15 15:00:00,Manchester City,Newcastle United,Vitoria Visitante,3.3,4.63,0.5,49.16045581122926,❌ LOST,-49.16045581122926,9782.930706434623
2025-02-15 17:30:00,Crystal Palace,Everton,Vitoria Visitante,5.0,58.96,3.0,293.4879211930387,✅ WON,1173.9516847721547,10956.882391206778
2025-02-16 14:00:00,Liverpool,Wolverhampton Wanderers,Vitoria Visitante,12.0,100.36,2.2800000000000002,249.81691851951456,❌ LOST,-249.81691851951456,10707.065472687264
2025-02-16 14:00:00,Liverpool,Wolverhampton Wanderers,Empate,8.0,63.45,2.27,243.0503862300009,❌ LOST,-243.0503862300009,10464.015086457262
2025-02-19 15:00:00,Aston Villa,Liverpool,Vitoria Mandante,3.9,44.27,3.0,313.92045259371787,❌ LOST,-313.92045259371787,10150.094633863544
2025-02-21 20:00:00,Leicester,Brentford,Vitoria Visitante,1.91,7.84,2.15,218.22703462806618,✅ WON,198.5866015115402,10348.681235375085
2025-02-22 12:30:00,Everton,Manchester United,Vitoria Mandante,2.5,25.1,3.0,310.46043706125255,❌ LOST,-310.46043706125255,10038.220798313832
2025-02-22 15:00:00,Southampton,Brighton,Vitoria Mandante,6.0,63.12,3.0,301.14662394941496,❌ LOST,-301.14662394941496,9737.074174364418
2025-02-22 15:00:00,Arsenal,West Ham,Vitoria Visitante,10.0,44.97,1.25,121.71342717955523,✅ WON,1095.420844615997,10832.495018980415
2025-02-22 15:00:00,Ipswich,Tottenham,Vitoria Mandante,4.1,20.28,1.6400000000000001,177.65291831127882,❌ LOST,-177.65291831127882,10654.842100669137
2025-02-22 15:00:00,Southampton,Brighton,Empate,4.1,11.77,0.95,101.22099995635679,❌ LOST,-101.22099995635679,10553.62110071278
2025-02-22 15:00:00,Arsenal,West Ham,Empate,6.0,8.37,0.0,0.0,❌ LOST,-0.0,10553.62110071278
2025-02-22 15:00:00,Fulham,Crystal Palace,Vitoria Mandante,2.05,2.57,0.61,64.37708871434796,❌ LOST,-64.37708871434796,10489.244011998433
2025-02-22 15:00:00,Bournemouth,Wolverhampton Wanderers,Vitoria Visitante,5.5,2.26,0.0,0.0,✅ WON,0.0,10489.244011998433
2025-02-22 15:00:00,Fulham,Crystal Palace,Vitoria Visitante,3.7,2.07,0.0,0.0,✅ WON,0.0,10489.244011998433
2025-02-22 17:30:00,Aston Villa,Chelsea,Vitoria Mandante,2.63,22.84,3.0,314.677320359953,✅ WON,512.9240321867234,11002.168044185157
2025-02-23 14:00:00,Newcastle United,Nottingham Forest,Vitoria Visitante,4.2,41.48,3.0,330.0650413255547,❌ LOST,-330.0650413255547,10672.103002859601
2025-02-23 16:30:00,Manchester City,Liverpool,Vitoria Mandante,2.88,23.46,3.0,320.16309008578804,❌ LOST,-320.16309008578804,10351.939912773814
2025-02-25 19:30:00,Crystal Palace,Aston Villa,Vitoria Mandante,2.45,36.19,3.0,310.5581973832144,✅ WON,450.3093862056609,10802.249298979475
2025-02-25 19:30:00,Brighton,Bournemouth,Vitoria Mandante,2.0,35.94,3.0,324.06747896938424,✅ WON,324.06747896938424,11126.31677794886
2025-02-25 19:30:00,Wolverhampton Wanderers,Fulham,Vitoria Mandante,2.63,10.58,1.6199999999999999,180.24633180277152,❌ LOST,-180.24633180277152,10946.070446146088
2025-02-25 20:15:00,Chelsea,Southampton,Empate,8.0,32.4,1.16,126.97441717529462,❌ LOST,-126.97441717529462,10819.096028970793
2025-02-25 20:15:00,Chelsea,Southampton,Vitoria Visitante,13.0,13.28,0.0,0.0,❌ LOST,-0.0,10819.096028970793
2025-02-26 19:30:00,Manchester United,Ipswich,Vitoria Visitante,6.0,71.08,3.0,324.57288086912376,❌ LOST,-324.57288086912376,10494.523148101669
2025-02-26 19:30:00,Tottenham,Manchester City,Vitoria Mandante,3.25,16.93,1.8800000000000001,197.2970351843114,❌ LOST,-197.2970351843114,10297.226112917358
2025-02-26 19:30:00,Nottingham Forest,Arsenal,Vitoria Mandante,3.9,11.43,0.9900000000000001,101.94253851788186,❌ LOST,-101.94253851788186,10195.283574399476
2025-02-26 19:30:00,Manchester United,Ipswich,Empate,4.33,9.28,0.7000000000000001,71.36698502079633,❌ LOST,-71.36698502079633,10123.91658937868
2025-02-26 19:30:00,Tottenham,Manchester City,Empate,4.0,3.17,0.0,0.0,❌ LOST,-0.0,10123.91658937868
2025-02-26 20:15:00,Liverpool,Newcastle United,Vitoria Visitante,5.75,39.57,2.08,210.57746505907653,❌ LOST,-210.57746505907653,9913.339124319602
2025-02-27 20:00:00,West Ham,Leicester,Vitoria Visitante,5.0,17.62,1.0999999999999999,109.04673036751562,❌ LOST,-109.04673036751562,9804.292393952086
2025-03-08 12:30:00,Nottingham Forest,Manchester City,Vitoria Mandante,4.0,9.9,0.8200000000000001,80.39519763040711,✅ WON,241.18559289122135,10045.477986843307
2025-03-08 15:00:00,Brighton,Fulham,Vitoria Mandante,1.95,14.58,3.0,301.3643396052992,✅ WON,286.29612262503423,10331.77410946834
2025-03-08 15:00:00,Crystal Palace,Ipswich,Vitoria Mandante,1.45,11.37,3.0,309.9532232840502,✅ WON,139.47895047782256,10471.253059946162
2025-03-08 15:00:00,Liverpool,Southampton,Vitoria Visitante,19.0,7.72,0.0,0.0,❌ LOST,-0.0,10471.253059946162
2025-03-08 15:00:00,Liverpool,Southampton,Empate,9.0,5.17,0.0,0.0,❌ LOST,-0.0,10471.253059946162
2025-03-08 17:30:00,Brentford,Aston Villa,Vitoria Mandante,2.2,45.14,3.0,314.13759179838485,❌ LOST,-314.13759179838485,10157.115468147778
2025-03-08 20:00:00,Wolverhampton Wanderers,Everton,Vitoria Visitante,2.88,5.46,0.73,74.14694291747878,❌ LOST,-74.14694291747878,10082.968525230299
2025-03-09 14:00:00,Chelsea,Leicester,Empate,8.0,51.24,1.83,184.51832401171447,❌ LOST,-184.51832401171447,9898.450201218584
2025-03-09 14:00:00,Chelsea,Leicester,Vitoria Visitante,12.0,39.03,0.89,88.0962067908454,❌ LOST,-88.0962067908454,9810.353994427738
2025-03-09 14:00:00,Tottenham,Bournemouth,Vitoria Mandante,2.7,18.94,2.78,272.7278410450911,❌ LOST,-272.7278410450911,9537.626153382647
2025-03-09 16:30:00,Manchester United,Arsenal,Vitoria Mandante,5.75,51.02,2.69,256.56214352599324,❌ LOST,-256.56214352599324,9281.064009856655
2025-03-10 20:00:00,West Ham,Newcastle United,Vitoria Mandante,3.25,54.56,3.0,278.4319202956996,❌ LOST,-278.4319202956996,9002.632089560955
2025-03-15 15:00:00,Manchester City,Brighton,Vitoria Visitante,4.5,92.18,3.0,270.0789626868286,❌ LOST,-270.0789626868286,8732.553126874127
2025-03-15 15:00:00,Ipswich,Nottingham Forest,Vitoria Mandante,3.75,32.9,2.9899999999999998,261.1033384935364,❌ LOST,-261.1033384935364,8471.44978838059
2025-03-15 15:00:00,Southampton,Wolverhampton Wanderers,Vitoria Visitante,2.0,24.25,3.0,254.1434936514177,✅ WON,254.1434936514177,8725.593282032009
2025-03-15 15:00:00,Everton,West Ham,Vitoria Mandante,2.05,6.53,1.55,135.24669587149614,❌ LOST,-135.24669587149614,8590.346586160513
2025-03-15 15:00:00,Manchester City,Brighton,Empate,4.33,2.3,0.0,0.0,✅ WON,0.0,8590.346586160513
2025-03-15 17:30:00,Bournemouth,Brentford,Vitoria Visitante,4.2,26.27,2.0500000000000003,176.10210501629052,✅ WON,563.5267360521296,9153.873322212643
2025-03-15 17:30:00,Bournemouth,Brentford,Empate,4.2,8.36,0.65,59.500176594382175,❌ LOST,-59.500176594382175,9094.373145618261
2025-03-16 13:30:00,Arsenal,Chelsea,Vitoria Visitante,4.5,57.05,3.0,272.8311943685478,❌ LOST,-272.8311943685478,8821.541951249714
2025-03-16 19:00:00,Leicester,Manchester United,Vitoria Mandante,4.5,25.98,1.8599999999999999,164.08068029324465,❌ LOST,-164.08068029324465,8657.46127095647
2025-04-01 19:45:00,Arsenal,Fulham,Vitoria Visitante,7.0,69.72,2.9000000000000004,251.06637685773765,❌ LOST,-251.06637685773765,8406.394894098732
2025-04-01 19:45:00,Wolverhampton Wanderers,West Ham,Vitoria Mandante,2.5,3.67,0.61,51.27900885400227,✅ WON,76.91851328100341,8483.313407379736
2025-04-01 20:00:00,Nottingham Forest,Manchester United,Vitoria Mandante,2.3,8.89,1.71,145.06465926619347,✅ WON,188.5840570460515,8671.897464425787
2025-04-02 19:45:00,Manchester City,Leicester,Vitoria Visitante,10.0,79.42,2.21,191.6489339638099,❌ LOST,-191.6489339638099,8480.248530461977
2025-04-02 19:45:00,Manchester City,Leicester,Empate,8.0,70.53,2.52,213.70226296764181,❌ LOST,-213.70226296764181,8266.546267494336
2025-04-02 19:45:00,Brighton,Aston Villa,Vitoria Mandante,2.05,32.04,3.0,247.99638802483005,❌ LOST,-247.99638802483005,8018.549879469506
2025-04-02 19:45:00,Bournemouth,Ipswich,Vitoria Visitante,7.5,30.59,1.18,94.61888857774017,✅ WON,615.022775755311,8633.572655224816
2025-04-02 19:45:00,Newcastle United,Brentford,Vitoria Visitante,4.0,15.59,1.3,112.2364445179226,❌ LOST,-112.2364445179226,8521.336210706893
2025-04-02 19:45:00,Bournemouth,Ipswich,Empate,5.25,15.23,0.8999999999999999,76.69202589636204,❌ LOST,-76.69202589636204,8444.644184810531
2025-04-02 19:45:00,Southampton,Crystal Palace,Vitoria Visitante,1.62,14.24,3.0,253.33932554431593,❌ LOST,-253.33932554431593,8191.304859266215
2025-04-02 19:45:00,Newcastle United,Brentford,Empate,4.5,9.65,0.69,56.52000352893688,❌ LOST,-56.52000352893688,8134.784855737278
2025-04-02 20:00:00,Liverpool,Everton,Vitoria Visitante,8.0,16.23,0.58,47.18175216327621,❌ LOST,-47.18175216327621,8087.603103574002
2025-04-03 19:00:00,Chelsea,Tottenham,Vitoria Visitante,4.5,9.57,0.6799999999999999,54.99570110430321,❌ LOST,-54.99570110430321,8032.607402469698
2025-04-05 11:30:00,Everton,Arsenal,Vitoria Mandante,5.25,84.36,3.0,240.97822207409092,❌ LOST,-240.97822207409092,7791.629180395607
2025-04-05 14:00:00,Crystal Palace,Brighton,Vitoria Mandante,2.35,33.4,3.0,233.7488754118682,✅ WON,315.5609818060221,8107.190162201629
2025-04-05 14:00:00,West Ham,Bournemouth,Vitoria Mandante,3.0,15.73,1.97,159.71164619537208,❌ LOST,-159.71164619537208,7947.478516006257
2025-04-06 13:00:00,Tottenham,Southampton,Vitoria Visitante,6.5,19.65,0.89,70.73255879245569,❌ LOST,-70.73255879245569,7876.745957213801
2025-04-06 13:00:00,Tottenham,Southampton,Empate,5.5,18.79,1.04,81.91815795502353,❌ LOST,-81.91815795502353,7794.827799258778
2025-04-06 13:00:00,Brentford,Chelsea,Vitoria Mandante,3.2,14.74,1.68,130.95310702754747,❌ LOST,-130.95310702754747,7663.874692231231
2025-04-06 13:00:00,Fulham,Liverpool,Vitoria Visitante,1.83,4.31,1.3,99.630370999006,❌ LOST,-99.630370999006,7564.244321232225
2025-04-06 15:30:00,Manchester United,Manchester City,Vitoria Mandante,3.4,15.79,1.6400000000000001,124.0536068682085,❌ LOST,-124.0536068682085,7440.1907143640165
2025-04-07 19:00:00,Leicester,Newcastle United,Vitoria Mandante,6.5,41.83,1.9,141.3636235729163,❌ LOST,-141.3636235729163,7298.8270907911
2025-04-12 11:30:00,Manchester City,Crystal Palace,Vitoria Visitante,5.75,97.67,3.0,218.964812723733,❌ LOST,-218.964812723733,7079.862278067367
2025-04-12 11:30:00,Manchester City,Crystal Palace,Empate,4.75,14.5,0.97,68.67466409725345,❌ LOST,-68.67466409725345,7011.1876139701135
2025-04-12 14:00:00,Nottingham Forest,Everton,Vitoria Visitante,3.7,63.36,3.0,210.3356284191034,✅ WON,567.9061967315791,7579.093810701693
2025-04-12 14:00:00,Southampton,Aston Villa,Vitoria Mandante,6.0,12.45,0.62,46.99038162635049,❌ LOST,-46.99038162635049,7532.103429075342
2025-04-12 14:00:00,Southampton,Aston Villa,Empate,4.2,4.64,0.0,0.0,❌ LOST,-0.0,7532.103429075342
2025-04-12 16:30:00,Arsenal,Brentford,Vitoria Visitante,5.0,16.62,1.04,78.33387566238356,❌ LOST,-78.33387566238356,7453.769553412959
2025-04-13 13:00:00,Chelsea,Ipswich,Vitoria Visitante,8.5,41.84,1.39,103.60739679244013,❌ LOST,-103.60739679244013,7350.1621566205185
2025-04-13 13:00:00,Chelsea,Ipswich,Empate,7.0,39.58,1.6500000000000001,121.27767558423857,✅ WON,727.6660535054314,8077.82821012595
2025-04-13 13:00:00,Liverpool,West Ham,Vitoria Visitante,8.0,39.42,1.41,113.89737776277589,❌ LOST,-113.89737776277589,7963.930832363174
2025-04-13 13:00:00,Liverpool,West Ham,Empate,6.0,23.96,1.2,95.56716998835809,❌ LOST,-95.56716998835809,7868.363662374816
2025-04-13 13:00:00,Wolverhampton Wanderers,Tottenham,Vitoria Visitante,3.1,5.09,0.61,47.997018340486385,❌ LOST,-47.997018340486385,7820.3666440343295
2025-04-14 19:00:00,Bournemouth,Fulham,Vitoria Mandante,2.15,19.26,3.0,234.61099932102988,✅ WON,269.80264921918433,8090.169293253513
2025-04-16 18:30:00,Newcastle United,Crystal Palace,Vitoria Mandante,1.67,24.42,3.0,242.70507879760538,✅ WON,162.6124027943956,8252.781696047909
2025-04-19 14:00:00,Brentford,Brighton,Vitoria Visitante,2.63,24.18,3.0,247.58345088143724,❌ LOST,-247.58345088143724,8005.198245166472
2025-04-19 14:00:00,Crystal Palace,Bournemouth,Vitoria Visitante,2.63,10.44,1.6,128.08317192266355,❌ LOST,-128.08317192266355,7877.115073243808
2025-04-19 14:00:00,Everton,Manchester City,Vitoria Mandante,3.7,8.79,0.8099999999999999,63.80463209327484,❌ LOST,-63.80463209327484,7813.310441150534
2025-04-19 16:30:00,Aston Villa,Newcastle United,Vitoria Mandante,2.3,15.19,2.92,228.14866488159558,✅ WON,296.5932643460742,8109.903705496608
2025-04-20 13:00:00,Ipswich,Arsenal,Vitoria Mandante,8.0,80.01,2.86,231.943245977203,❌ LOST,-231.943245977203,7877.960459519405
2025-04-20 13:00:00,Manchester United,Wolverhampton Wanderers,Vitoria Visitante,3.6,53.36,3.0,236.33881378558215,✅ WON,614.4809158425136,8492.44137536192
2025-04-20 13:00:00,Ipswich,Arsenal,Empate,4.5,22.08,1.58,134.18057373071835,❌ LOST,-134.18057373071835,8358.2608016312
2025-04-20 13:00:00,Fulham,Chelsea,Vitoria Visitante,2.35,2.8,0.52,43.46295616848224,✅ WON,58.67499082745103,8416.935792458651
2025-04-20 15:30:00,Leicester,Liverpool,Vitoria Mandante,11.0,72.29,1.81,152.3465378435016,❌ LOST,-152.3465378435016,8264.58925461515
2025-04-20 15:30:00,Leicester,Liverpool,Empate,6.25,57.81,2.75,227.27620450191662,❌ LOST,-227.27620450191662,8037.313050113234
2025-04-21 19:00:00,Tottenham,Nottingham Forest,Vitoria Mandante,2.45,42.21,3.0,241.119391503397,❌ LOST,-241.119391503397,7796.193658609836
2025-04-22 19:00:00,Manchester City,Aston Villa,Vitoria Visitante,3.9,22.83,1.97,153.58501507461378,❌ LOST,-153.58501507461378,7642.608643535223
2025-04-23 19:00:00,Arsenal,Crystal Palace,Vitoria Visitante,7.5,17.39,0.67,51.205477911685996,❌ LOST,-51.205477911685996,7591.403165623537
2025-04-26 11:30:00,Chelsea,Everton,Vitoria Visitante,6.0,48.46,2.42,183.71195660808957,❌ LOST,-183.71195660808957,7407.691209015447
2025-04-26 14:00:00,Southampton,Fulham,Vitoria Mandante,5.25,58.85,3.0,222.2307362704634,❌ LOST,-222.2307362704634,7185.460472744984
2025-04-26 14:00:00,Newcastle United,Ipswich,Vitoria Visitante,13.0,55.25,1.15,82.63279543656732,❌ LOST,-82.63279543656732,7102.827677308417
2025-04-26 14:00:00,Newcastle United,Ipswich,Empate,7.5,45.58,1.7500000000000002,124.29948435289731,❌ LOST,-124.29948435289731,6978.528192955519
2025-04-26 14:00:00,Brighton,West Ham,Vitoria Visitante,4.75,28.22,1.8800000000000001,131.19633002756376,❌ LOST,-131.19633002756376,6847.331862927956
2025-04-26 14:00:00,Wolverhampton Wanderers,Leicester,Vitoria Mandante,1.5,15.3,3.0,205.41995588783865,✅ WON,102.70997794391933,6950.041840871875
2025-04-26 14:00:00,Brighton,West Ham,Empate,4.2,8.28,0.65,45.175271965667186,❌ LOST,-45.175271965667186,6904.866568906208
2025-04-26 14:00:00,Southampton,Fulham,Empate,4.0,5.96,0.0,0.0,❌ LOST,-0.0,6904.866568906208
2025-04-27 13:00:00,Bournemouth,Manchester United,Vitoria Visitante,4.5,22.35,1.6,110.47786510249934,❌ LOST,-110.47786510249934,6794.388703803709
2025-04-27 15:30:00,Liverpool,Tottenham,Vitoria Visitante,11.0,92.02,2.3,156.2709401874853,❌ LOST,-156.2709401874853,6638.117763616224
2025-04-27 15:30:00,Liverpool,Tottenham,Empate,6.0,22.18,1.11,73.68310717614008,❌ LOST,-73.68310717614008,6564.434656440084
2025-05-01 18:30:00,Nottingham Forest,Brentford,Vitoria Visitante,3.25,73.58,3.0,196.93303969320252,✅ WON,443.09933930970567,7007.53399574979
2025-05-02 19:00:00,Manchester City,Wolverhampton Wanderers,Vitoria Visitante,7.5,110.78,3.0,210.22601987249368,❌ LOST,-210.22601987249368,6797.3079758772965
2025-05-02 19:00:00,Manchester City,Wolverhampton Wanderers,Empate,4.75,14.95,1.0,67.97307975877297,❌ LOST,-67.97307975877297,6729.334896118524
2025-05-03 11:30:00,Aston Villa,Fulham,Vitoria Mandante,1.77,4.7,1.53,102.9588239106134,✅ WON,79.27829441117233,6808.613190529696
2025-05-03 14:00:00,Leicester,Southampton,Vitoria Visitante,2.88,20.68,2.75,187.23686273956665,❌ LOST,-187.23686273956665,6621.37632779013
2025-05-03 14:00:00,Everton,Ipswich,Vitoria Mandante,1.45,7.64,3.0,198.6412898337039,❌ LOST,-198.6412898337039,6422.735037956426
2025-05-03 14:00:00,Leicester,Southampton,Empate,3.6,4.46,0.0,0.0,❌ LOST,-0.0,6422.735037956426
2025-05-03 16:30:00,Arsenal,Bournemouth,Vitoria Mandante,2.05,9.07,2.16,138.7310768198588,❌ LOST,-138.7310768198588,6284.003961136567
2025-05-04 13:00:00,Brentford,Manchester United,Vitoria Visitante,4.75,46.41,3.0,188.52011883409702,❌ LOST,-188.52011883409702,6095.48384230247
2025-05-04 13:00:00,Brighton,Newcastle United,Vitoria Visitante,2.3,6.62,1.27,77.41264479724137,❌ LOST,-77.41264479724137,6018.071197505229
2025-05-04 13:00:00,West Ham,Tottenham,Vitoria Visitante,3.25,2.92,0.0,0.0,❌ LOST,-0.0,6018.071197505229
2025-05-04 15:30:00,Chelsea,Liverpool,Vitoria Visitante,3.1,68.06,3.0,180.54213592515686,❌ LOST,-180.54213592515686,5837.529061580072
2025-05-05 19:00:00,Crystal Palace,Nottingham Forest,Vitoria Mandante,2.25,29.59,3.0,175.12587184740215,❌ LOST,-175.12587184740215,5662.40318973267
2025-05-10 14:00:00,Southampton,Manchester City,Vitoria Mandante,11.0,131.42,3.0,169.8720956919801,❌ LOST,-169.8720956919801,5492.531094040691
2025-05-10 14:00:00,Southampton,Manchester City,Empate,7.5,84.55,3.0,164.77593282122072,✅ WON,1071.0435633379348,6563.5746573786255
2025-05-10 14:00:00,Fulham,Everton,Vitoria Visitante,4.5,51.25,3.0,196.90723972135876,✅ WON,689.1753390247557,7252.749996403381
2025-05-10 14:00:00,Wolverhampton Wanderers,Brighton,Vitoria Mandante,2.7,37.51,3.0,217.58249989210142,❌ LOST,-217.58249989210142,7035.16749651128
2025-05-10 14:00:00,Ipswich,Brentford,Vitoria Visitante,1.65,6.55,2.52,177.28622091208425,✅ WON,115.23604359285474,7150.403540104135
2025-05-10 16:30:00,Bournemouth,Aston Villa,Vitoria Visitante,2.75,30.12,3.0,214.51210620312403,✅ WON,375.3961858554671,7525.799725959601
2025-05-11 11:00:00,Newcastle United,Chelsea,Vitoria Mandante,2.1,6.57,1.49,112.13441591679806,✅ WON,123.34785750847787,7649.14758346808
2025-05-11 13:15:00,Nottingham Forest,Leicester,Vitoria Visitante,8.0,168.52,3.0,229.47442750404238,❌ LOST,-229.47442750404238,7419.6731559640375
2025-05-11 13:15:00,Manchester United,West Ham,Vitoria Visitante,4.0,51.65,3.0,222.5901946789211,✅ WON,667.7705840367634,8087.443740000801
2025-05-11 13:15:00,Nottingham Forest,Leicester,Empate,5.25,33.82,1.9900000000000002,160.94013042601594,✅ WON,683.9955543105677,8771.439294311369
2025-05-11 13:15:00,Tottenham,Crystal Palace,Vitoria Visitante,2.5,2.87,0.0,0.0,✅ WON,0.0,8771.439294311369
2025-05-11 15:30:00,Liverpool,Arsenal,Vitoria Visitante,3.6,3.6,0.0,0.0,❌ LOST,-0.0,8771.439294311369
2025-05-16 18:30:00,Aston Villa,Tottenham,Vitoria Visitante,8.5,10.06,0.0,0.0,❌ LOST,-0.0,8771.439294311369
2025-05-16 18:30:00,Aston Villa,Tottenham,Empate,6.0,6.66,0.0,0.0,❌ LOST,-0.0,8771.439294311369
2025-05-16 19:15:00,Chelsea,Manchester United,Vitoria Visitante,6.25,54.06,2.5700000000000003,225.4259898638022,❌ LOST,-225.4259898638022,8546.013304447566
2025-05-16 19:15:00,Chelsea,Manchester United,Empate,5.0,13.98,0.8699999999999999,74.35031574869382,❌ LOST,-74.35031574869382,8471.662988698872
2025-05-18 11:00:00,Everton,Southampton,Vitoria Visitante,7.5,51.0,1.96,166.04459457849788,❌ LOST,-166.04459457849788,8305.618394120374
2025-05-18 13:15:00,West Ham,Nottingham Forest,Vitoria Mandante,2.75,45.15,3.0,249.1685518236112,❌ LOST,-249.1685518236112,8056.449842296764
2025-05-18 14:00:00,Brentford,Fulham,Vitoria Mandante,1.91,14.35,3.0,241.6934952689029,❌ LOST,-241.6934952689029,7814.756347027861
2025-05-18 14:00:00,Leicester,Ipswich,Vitoria Mandante,2.3,7.85,1.51,118.0028208401207,✅ WON,153.4036670921569,7968.160014120018
2025-05-18 15:30:00,Arsenal,Newcastle United,Vitoria Visitante,3.7,50.75,3.0,239.04480042360052,❌ LOST,-239.04480042360052,7729.115213696417
2025-05-20 19:00:00,Crystal Palace,Wolverhampton Wanderers,Vitoria Mandante,2.25,47.01,3.0,231.87345641089252,✅ WON,289.84182051361563,8018.957034210033
2025-05-20 19:00:00,Manchester City,Bournemouth,Vitoria Visitante,5.75,21.0,1.11,89.01042307973137,❌ LOST,-89.01042307973137,7929.946611130302
2025-05-25 15:00:00,Southampton,Arsenal,Vitoria Mandante,8.5,137.57,3.0,237.89839833390906,❌ LOST,-237.89839833390906,7692.048212796392
2025-05-25 15:00:00,Bournemouth,Leicester,Vitoria Visitante,8.5,126.52,3.0,230.76144638389175,❌ LOST,-230.76144638389175,7461.286766412501
2025-05-25 15:00:00,Newcastle United,Everton,Vitoria Visitante,8.5,98.39,3.0,223.838602992375,✅ WON,1678.7895224428125,9140.076288855313
2025-05-25 15:00:00,Liverpool,Crystal Palace,Vitoria Visitante,5.75,75.07,3.0,274.20228866565935,❌ LOST,-274.20228866565935,8865.874000189653
2025-05-25 15:00:00,Liverpool,Crystal Palace,Empate,6.0,58.14,2.91,257.9969334055189,✅ WON,1289.9846670275947,10155.858667217248
2025-05-25 15:00:00,Southampton,Arsenal,Empate,6.0,53.81,2.69,273.192598148144,❌ LOST,-273.192598148144,9882.666069069104
2025-05-25 15:00:00,Fulham,Manchester City,Vitoria Mandante,5.0,39.95,2.5,247.06665172672763,❌ LOST,-247.06665172672763,9635.599417342377
2025-05-25 15:00:00,Tottenham,Brighton,Vitoria Mandante,4.2,31.11,2.4299999999999997,234.14506584141975,❌ LOST,-234.14506584141975,9401.454351500957
2025-05-25 15:00:00,Newcastle United,Everton,Empate,5.5,24.86,1.38,129.7400700507132,❌ LOST,-129.7400700507132,9271.714281450244
2025-05-25 15:00:00,Bournemouth,Leicester,Empate,5.25,24.74,1.46,135.36702850917356,❌ LOST,-135.36702850917356,9136.34725294107
2025-05-25 15:00:00,Ipswich,West Ham,Vitoria Mandante,3.0,21.25,2.6599999999999997,243.02683692823246,❌ LOST,-243.02683692823246,8893.320416012837
2025-05-25 15:00:00,Tottenham,Brighton,Empate,4.33,13.24,0.9900000000000001,88.04387211852709,❌ LOST,-88.04387211852709,8805.27654389431
2025-05-25 15:00:00,Wolverhampton Wanderers,Brentford,Vitoria Visitante,2.45,13.14,2.26,198.9992498920114,❌ LOST,-198.9992498920114,8606.277294002299
2025-05-25 15:00:00,Manchester United,Aston Villa,Vitoria Mandante,4.33,10.58,0.79,67.98959062261817,✅ WON,226.4053367733185,8832.682630775616
2025-05-25 15:00:00,Nottingham Forest,Chelsea,Vitoria Mandante,3.0,8.03,1.0,88.32682630775616,❌ LOST,-88.32682630775616,8744.355804467861
2025-05-25 15:00:00,Fulham,Manchester City,Empate,4.2,8.03,0.63,55.08944156814753,❌ LOST,-55.08944156814753,8689.266362899714
2025-05-25 15:00:00,Manchester United,Aston Villa,Empate,4.2,7.01,0.5499999999999999,47.79096499594843,❌ LOST,-47.79096499594843,8641.475397903765
